distance,size,n_clusters,sl_score,ch_score,db_score
euclidean,35000,2,0.13685852,1244.759276492549,4.95022705664182
euclidean,35000,3,0.12975484,1101.5021166135352,4.321580758806353
euclidean,35000,4,0.10607686,963.2186915434506,3.9983379479363386
euclidean,35000,5,0.09975921,841.9280229302736,3.9759275251403245
euclidean,35000,6,0.009266129,742.3164134937823,4.849718355231253
euclidean,35000,7,0.0024838627,664.0044623475602,4.8004313207554485
euclidean,35000,8,0.0009292668,603.5450277005732,4.671936259703187
euclidean,35000,9,-0.008164817,552.1162349366605,4.7719669120398445
euclidean,35000,10,-0.011500923,509.08326252533107,4.713884218336034
