distance,dataset,n_clusters,sl_score,ch_score,db_score,entropy
euclidean,chains_eq_2_300,2,0.20750652253627777,684.120315466436,5.698193865642958,
euclidean,chains_eq_2_300,3,0.07592623680830002,434.1972304740413,8.376809369863567,
euclidean,chains_eq_2_300,4,0.0096770403906703,320.0557821967201,10.204049935337219,
euclidean,chains_eq_2_300,5,-0.03059932217001915,252.3229750418676,12.088678353458771,
