distance,dataset,n_clusters,sl_score,ch_score,db_score,entropy
euclidean,chains_eq_2_300,2,0.18836051225662231,623.3175622125697,5.973546801127769,0.6481616254785294
euclidean,chains_eq_2_300,3,0.06087372079491615,404.9894437373542,8.826892754478074,1.0210126289254742
euclidean,chains_eq_2_300,4,-0.0035709573421627283,299.9742242191104,10.665292742044832,1.2875734863318038
