distance,dataset,epsilon,min_pts,n_clusters,n_noise,sl_score,ch_score,db_score,entropy
cosine,chains_eq_2_300,0.2,2,72,22936,0.05694017931818962,24.590536431860475,1.0576946182648137,1.462171058849118
cosine,chains_eq_2_300,0.2,3,10,23060,0.2761062681674957,35.28197500737108,1.3573825350722275,0.5761115577775242
cosine,chains_eq_2_300,0.2,4,6,23079,0.2934075593948364,57.059992619094956,1.467633042374857,0.48152259421764726
cosine,chains_eq_2_300,0.2,5,6,23094,0.2958356738090515,54.78379774648822,1.5951539387109654,0.4787285362210725
