distance,dataset,n_clusters,sl_score,ch_score,db_score,entropy
euclidean,chains_eq_2_50,2,0.12319675087928772,966.6267697012632,4.727750669080597,0.6723877518968409
euclidean,chains_eq_2_50,3,0.08178926259279251,695.4390391831507,5.371419015076168,1.0192415551219622
euclidean,chains_eq_2_50,4,0.06573669612407684,600.6494957972071,4.926190255164374,1.2495145054018661
euclidean,chains_eq_2_50,5,0.06639265269041061,520.7016385615873,4.438304578237357,1.3241509211237816
