distance,dataset,n_clusters,sl_score,ch_score,db_score,entropy
euclidean,chains_eq_3_300,2,0.12505905330181122,235.6334760518708,5.85928121407823,0.6776661915531663
euclidean,chains_eq_3_300,3,0.09638775885105133,158.73781118327292,6.7256895986991765,0.9468423857700063
euclidean,chains_eq_3_300,4,0.07645989209413528,109.16507998689575,5.823004105191591,1.0277913830859913
euclidean,chains_eq_3_300,5,0.12391569465398788,63.366131832260805,3.3021134781220276,0.68670957355521
