distance,dataset,n_clusters,sl_score,ch_score,db_score,entropy
euclidean,chains_ge_10_300,2,0.15104176104068756,1.693615960767612,0.7409641292152938,0.0017993775843884894
euclidean,chains_ge_10_300,3,0.146483913064003,1.7910203691672435,0.7260937611777923,0.0035987198825283727
euclidean,chains_ge_10_300,4,0.014119110070168972,46.56104834878962,5.721987399720069,1.0180413349242554
euclidean,chains_ge_10_300,5,-0.001933142775669694,43.860590439108094,6.014713403518269,1.339421498021332
euclidean,chains_ge_10_50,2,0.0434504859149456,130.74833214705728,5.8060067514569855,0.6153782957630345
euclidean,chains_ge_10_50,3,0.015179983340203762,109.99428565640396,5.936835018649198,1.0449929480185867
euclidean,chains_ge_10_50,4,0.01773187145590782,75.58956727969144,4.635319108996294,1.0433672417293276
euclidean,chains_ge_10_50,5,0.008355794474482536,88.92369890709377,5.225580512177954,1.4912331635035518
