distance,dataset,n_clusters,sl_score,ch_score,db_score,entropy
euclidean,chains_ge_4_lt_10_300,2,0.1307985484600067,250.2983205783167,5.986984232675982,0.6729109687324
euclidean,chains_ge_4_lt_10_300,3,0.1305612325668335,130.4252483586568,4.310440042501884,0.6749333453105885
euclidean,chains_ge_4_lt_10_300,4,0.13013899326324463,90.53177944652263,3.744485021536144,0.6805595461403063
euclidean,chains_ge_4_lt_10_300,5,0.06726427376270294,94.38415600663568,5.0274608961702025,1.0409867778627917
euclidean,chains_ge_4_lt_10_50,2,0.026429038494825363,255.96274714514092,6.0419704847742715,0.6923009923723134
euclidean,chains_ge_4_lt_10_50,3,0.018326645717024803,202.6917972559673,5.772110418887912,1.0794182989554182
euclidean,chains_ge_4_lt_10_50,4,0.017403310164809227,174.54625030785584,5.577273378714207,1.359495940611284
euclidean,chains_ge_4_lt_10_50,5,0.011978944763541222,135.5903162016341,4.860292281530353,1.3683141271473496
