distance,dataset,n_clusters,sl_score,ch_score,db_score,entropy
euclidean,chains_eq_2_300,2,0.13449271023273468,796.3144835426897,5.126896412958719,0.6831531112520957
euclidean,chains_eq_2_300,3,0.11061613261699677,519.3436086050403,6.9255295563969765,0.9981214263584905
euclidean,chains_eq_2_300,4,0.1125427857041359,347.21157784600535,4.960518411034488,0.9360621133316566
euclidean,chains_eq_2_300,5,0.06104276329278946,354.82291771502025,6.168124481879476,1.2729480692265231
