distance,dataset,n_clusters,sl_score,ch_score,db_score,entropy
euclidean,chains_eq_3_50,2,0.02862657606601715,228.11490678002156,6.099334503988407,0.6908896820010763
euclidean,chains_eq_3_50,3,0.02060174010694027,184.83752012096832,5.715277744416475,1.079867902485349
euclidean,chains_eq_3_50,4,0.011087373830378056,161.62338227094764,5.547642640407122,1.3560057798453382
euclidean,chains_eq_3_50,5,0.008926612325012684,141.71241043671856,5.5132060031969115,1.5710780524311565
